{
    "cycles_program_begin": 358058320544629,
    "stat": {
        "ru_childs_end": {
            "ru_utime_sec": 0.034145000000000002,
            "ru_stime_sec": 0.012657,
            "ru_nvcsw": 18,
            "ru_maxrss_kb": 121948,
            "ru_minflt": 4856,
            "ru_majflt": 0,
            "ru_nivcsw": 0
        },
        "ru_self_cgstart": {
            "ru_utime_sec": 0.59829299999999996,
            "ru_stime_sec": 0.053024000000000002,
            "ru_nvcsw": 39,
            "ru_maxrss_kb": 121948,
            "ru_minflt": 12350,
            "ru_majflt": 0,
            "ru_nivcsw": 7
        },
        "ru_childs_cgstart": {
            "ru_utime_sec": 0.034145000000000002,
            "ru_stime_sec": 0.012657,
            "ru_nvcsw": 18,
            "ru_maxrss_kb": 121948,
            "ru_minflt": 4856,
            "ru_majflt": 0,
            "ru_nivcsw": 0
        },
        "realTime": 1.4477989673614502,
        "cpu_cycles_cgstart": 358061118837491,
        "quadSpeed": 72701.410626700439,
        "nMops": 138305,
        "cpu_cycles_end": 358063467272292,
        "nQuads": 46869,
        "totalObjSize": 1574362,
        "CodeGen(%)": 50.479204708107972,
        "ru_self_end": {
            "ru_utime_sec": 1.242971,
            "ru_stime_sec": 0.060478999999999998,
            "ru_nvcsw": 39,
            "ru_maxrss_kb": 136864,
            "ru_minflt": 16066,
            "ru_majflt": 0,
            "ru_nivcsw": 12
        },
        "cpu_cycles_total": 5146727663,
        "mopSpeed": 214533.45701264811,
        "mop/quad": 2.9508843798672895,
        "Frontend(%)": 49.520795291892036,
        "outputSizePerQuad": 33.590688941517847,
        "peak_mem_kb": 234552
    },
    "perf": [
        {
            "stat": [
                "main",
                "entry",
                0.018193960189819336,
                0.028111000000000001,
                0.024094999999999998,
                200728,
                200728,
                0.0,
                0.0,
                1664898441.3587539,
                358058320973609
            ],
            "sub": [
                {
                    "stat": [
                        "doParsingAndDesignResolution",
                        "entry",
                        0.16543912887573242,
                        0.036922000000000003,
                        0.032307000000000002,
                        209708,
                        210508,
                        0.0,
                        0.0,
                        1664898441.5059991,
                        358058851007991
                    ],
                    "sub": []
                },
                {
                    "stat": [
                        "doParsingAndDesignResolution",
                        "exit",
                        0.32236409187316895,
                        0.19259699999999999,
                        0.033494999999999997,
                        219928,
                        220576,
                        0.0,
                        0.0,
                        1664898441.6629241,
                        358059415994284
                    ],
                    "sub": []
                },
                {
                    "stat": [
                        "doPostDesignResolutionToVir2Vcs",
                        "entry",
                        0.32481694221496582,
                        0.19259699999999999,
                        0.035948000000000001,
                        219928,
                        220576,
                        0.0,
                        0.0,
                        1664898441.6653769,
                        358059424984053
                    ],
                    "sub": [
                        {
                            "stat": [
                                "doUptoVir2VcsNoSepCleanup",
                                "entry",
                                0.40491700172424316,
                                0.27147500000000002,
                                0.037058000000000001,
                                224548,
                                224548,
                                0.0,
                                0.0,
                                1664898441.745477,
                                358059713162908
                            ],
                            "sub": []
                        },
                        {
                            "stat": [
                                "doUptoVir2VcsNoSepCleanup",
                                "exit",
                                0.73438096046447754,
                                0.58315300000000003,
                                0.048934999999999999,
                                221348,
                                234404,
                                0.0,
                                0.0048679999999999999,
                                1664898442.0749409,
                                358060899405713
                            ],
                            "sub": []
                        },
                        {
                            "stat": [
                                "doRadify_vir2vcsAll",
                                "entry",
                                0.73449611663818359,
                                0.58326199999999995,
                                0.048945000000000002,
                                221348,
                                234404,
                                0.0,
                                0.0048679999999999999,
                                1664898442.0750561,
                                358060899538075
                            ],
                            "sub": []
                        },
                        {
                            "stat": [
                                "doRadify_vir2vcsAll",
                                "exit",
                                0.75075197219848633,
                                0.59544299999999994,
                                0.053018000000000003,
                                222244,
                                234404,
                                0.0,
                                0.0048679999999999999,
                                1664898442.0913119,
                                358060958159373
                            ],
                            "sub": []
                        }
                    ]
                },
                {
                    "stat": [
                        "doPostDesignResolutionToVir2Vcs",
                        "exit",
                        0.75080013275146484,
                        0.59548800000000002,
                        0.053022,
                        222244,
                        234404,
                        0.0,
                        0.0048679999999999999,
                        1664898442.0913601,
                        358060958232301
                    ],
                    "sub": []
                },
                {
                    "stat": [
                        "doGAToPass2",
                        "entry",
                        0.75081801414489746,
                        0.59550400000000003,
                        0.053024000000000002,
                        222244,
                        234404,
                        0.0,
                        0.0048679999999999999,
                        1664898442.091378,
                        358060958286123
                    ],